pareto_alpha,monofact_rate,subjective_uncertainty
0.5,0.02,5.638163325634994
0.75,0.085,5.634328087103281
1.0,0.075,5.6279956939393605
1.5,0.265,5.635791297140891
2.0,0.305,5.636331374951282
